Title,Media URL,Pinterest board,Miniaturansicht,Beschreibung,Link,Publish date,Keywords
Frankenstadt | Plizio Visual Lab,https://plizio.com/geo-images/hungary/baja.webp,Plizio DE - Ungarn,,"Stadt an der Donau, berühmt für ihre Fischsuppe und das jährliche Fischsuppen-Festival.",https://plizio.com/de/ungarn/bacs-kiskun/frankenstadt/,,
Hajós | Plizio Visual Lab,https://plizio.com/geo-images/hungary/hajos.webp,Plizio DE - Ungarn,,"Stadt in der Tiefebene, berühmt für ihr einzigartiges Weinkellerdorf.",https://plizio.com/de/ungarn/bacs-kiskun/hajos/,,
Kecskemét | Plizio Visual Lab,https://plizio.com/geo-images/hungary/kecskemet.webp,Plizio DE - Ungarn,,"Kecskemét, im Herzen der ungarischen Tiefebene gelegen, ist berühmt für seine prächtige Jugendstilarchitektur und seine Obstgärten. Die Stadt ist der Geburtsor…",https://plizio.com/de/ungarn/bacs-kiskun/kecskemet/,,
Kiskunmajsa | Plizio Visual Lab,https://plizio.com/geo-images/hungary/kiskunmajsa.webp,Plizio DE - Ungarn,,"Kleinstadt in der Großen Tiefebene, bekannt für ihr Thermalbad.",https://plizio.com/de/ungarn/bacs-kiskun/kiskunmajsa/,,
Kollotschau | Plizio Visual Lab,https://plizio.com/geo-images/hungary/kalocsa.webp,Plizio DE - Ungarn,,"Eine der ältesten Städte Ungarns, berühmt für Paprika und Volkskunst.",https://plizio.com/de/ungarn/bacs-kiskun/kollotschau/,,
Paks | Plizio Visual Lab,https://plizio.com/geo-images/hungary/paks.webp,Plizio DE - Ungarn,,"Stadt an der Donau, bekannt für das einzige Kernkraftwerk Ungarns.",https://plizio.com/de/ungarn/bacs-kiskun/paks/,,
Burg Szigetvár | Plizio Visual Lab,https://plizio.com/geo-images/hungary/szigetvari-var.webp,Plizio DE - Ungarn,,Bekannt für die heroische Verteidigung durch Miklós Zrínyi im Jahr 1566.,https://plizio.com/de/ungarn/baranya/burg-szigetvar/,,
Busójárás-Ort | Plizio Visual Lab,https://plizio.com/geo-images/hungary/mohacs.webp,Plizio DE - Ungarn,,Ort der berühmten Winteraustreibung mit gruseligen Masken.,https://plizio.com/de/ungarn/baranya/busojaras-ort/,,
Fünfkirchen | Plizio Visual Lab,https://plizio.com/geo-images/hungary/pecs.webp,Plizio DE - Ungarn,,"Pécs, im Südwesten Ungarns am Fuße des Mecsek-Gebirges gelegen, ist eine Stadt mit einer über 2000-jährigen Geschichte. Die von den Römern als Sopianae gegründ…",https://plizio.com/de/ungarn/baranya/fuenfkirchen/,,
Mecsek-Gebirge | Plizio Visual Lab,https://plizio.com/geo-images/hungary/mecsek.webp,Plizio DE - Ungarn,,Mittelgebirge im Süden mit mediterranem Flair und Höhlen.,https://plizio.com/de/ungarn/baranya/mecsek-gebirge/,,
Mohatsch | Plizio Visual Lab,https://plizio.com/geo-images/hungary/mohacs.webp,Plizio DE - Ungarn,,"Stadt an der Donau, bekannt für die Schlacht von Mohács und das Busójárás-Festival.",https://plizio.com/de/ungarn/baranya/mohatsch/,,
Siklós | Plizio Visual Lab,https://plizio.com/geo-images/hungary/siklos.webp,Plizio DE - Ungarn,,"Stadt in Südungarn, berühmt für ihre gut erhaltene Burg.",https://plizio.com/de/ungarn/baranya/siklos/,,
Weinregion Villány | Plizio Visual Lab,https://plizio.com/geo-images/hungary/villanyi-borvidek.webp,Plizio DE - Ungarn,,Eine der berühmtesten Rotweinregionen Ungarns im Süden.,https://plizio.com/de/ungarn/baranya/weinregion-villany/,,
Zsolnay-Viertel | Plizio Visual Lab,https://plizio.com/geo-images/hungary/zsolnay-negyed.webp,Plizio DE - Ungarn,,Wunderschön restauriertes Fabrikareal mit Porzellankunst.,https://plizio.com/de/ungarn/baranya/zsolnay-viertel/,,
Jula | Plizio Visual Lab,https://plizio.com/geo-images/hungary/gyula.webp,Plizio DE - Ungarn,,Historische Kurstadt nahe der rumänischen Grenze.,https://plizio.com/de/ungarn/bekes/jula/,,
NP Körös-Maros | Plizio Visual Lab,https://plizio.com/geo-images/hungary/koros-maros-np.webp,Plizio DE - Ungarn,,Schutzgebiet in der südlichen Tiefebene mit reicher Vogelwelt.,https://plizio.com/de/ungarn/bekes/np-koeroes-maros/,,
Szarvas | Plizio Visual Lab,https://plizio.com/geo-images/hungary/szarvas.webp,Plizio DE - Ungarn,,"Stadt am Fluss Körös, bekannt für ihr Arboretum.",https://plizio.com/de/ungarn/bekes/szarvas/,,
Tschaba | Plizio Visual Lab,https://plizio.com/geo-images/hungary/bekescsaba.webp,Plizio DE - Ungarn,,"Békéscsaba, im Südosten Ungarns gelegen, ist weltberühmt für seine kulinarischen Traditionen, insbesondere für die Csabai-Wurst. Die Stadt ist das kulturelle Z…",https://plizio.com/de/ungarn/bekes/tschaba/,,
Baradla-Höhle | Plizio Visual Lab,https://plizio.com/geo-images/hungary/baradla-barlang.webp,Plizio DE - Ungarn,,Ein riesiges Tropfsteinhöhlensystem im Nationalpark Aggtelek.,https://plizio.com/de/ungarn/borsod-abauj-zemplen/baradla-hoehle/,,
Burg Boldogkő | Plizio Visual Lab,https://plizio.com/geo-images/hungary/boldogko-var.webp,Plizio DE - Ungarn,,Mittelalterliche Burg auf einem markanten Felsen im Zemplén-Gebirge.,https://plizio.com/de/ungarn/borsod-abauj-zemplen/burg-boldogko/,,
Burg Diósgyőr | Plizio Visual Lab,https://plizio.com/geo-images/hungary/diosgyori-var.webp,Plizio DE - Ungarn,,"Eine mittelalterliche Burg, die oft als die Burg der Königinnen bezeichnet wird.",https://plizio.com/de/ungarn/borsod-abauj-zemplen/burg-diosgyor/,,
Burg Füzér | Plizio Visual Lab,https://plizio.com/geo-images/hungary/fuzer-var.webp,Plizio DE - Ungarn,,Spektakulär restaurierte Höhenburg auf einem vulkanischen Gipfel.,https://plizio.com/de/ungarn/borsod-abauj-zemplen/burg-fuezer/,,
Burg Szerencs | Plizio Visual Lab,https://plizio.com/geo-images/hungary/szerencs-var.webp,Plizio DE - Ungarn,,Renaissanceschloss im Herzen der Schokoladenstadt Szerencs.,https://plizio.com/de/ungarn/borsod-abauj-zemplen/burg-szerencs/,,
Höhlenbad Miskolctapolca | Plizio Visual Lab,https://plizio.com/geo-images/hungary/barlangfurdo.webp,Plizio DE - Ungarn,,Einzigartiges Thermalbad in einer natürlichen Höhle.,https://plizio.com/de/ungarn/borsod-abauj-zemplen/hoehlenbad-miskolctapolca/,,
Mischkolz | Plizio Visual Lab,https://plizio.com/geo-images/hungary/miskolc.webp,Plizio DE - Ungarn,,"Miskolc, die viertgrößte Stadt Ungarns, liegt im Nordosten des Landes am östlichen Rand des Bükk-Gebirges. Die Stadt ist ein bedeutendes Industriezentrum, hat…",https://plizio.com/de/ungarn/borsod-abauj-zemplen/mischkolz/,,
Nationalpark Bükk | Plizio Visual Lab,https://plizio.com/geo-images/hungary/bukki-nemzeti-park.webp,Plizio DE - Ungarn,,Ein waldreiches Berggebiet mit Höhlen und malerischen Tälern.,https://plizio.com/de/ungarn/borsod-abauj-zemplen/nationalpark-buekk/,,
Tokaj | Plizio Visual Lab,https://plizio.com/geo-images/hungary/tokaj.webp,Plizio DE - Ungarn,,"Zentrum der historischen Weinregion Tokaj, berühmt für Süßweine.",https://plizio.com/de/ungarn/borsod-abauj-zemplen/tokaj/,,
Zemplén-Gebirge | Plizio Visual Lab,https://plizio.com/geo-images/hungary/zemplen.webp,Plizio DE - Ungarn,,"Abgelegenes, vulkanisches Gebirge mit vielen Burgen im Nordosten.",https://plizio.com/de/ungarn/borsod-abauj-zemplen/zemplen-gebirge/,,
Andrássy-Straße | Plizio Visual Lab,https://plizio.com/geo-images/hungary/andrassy-ut.webp,Plizio DE - Ungarn,,Die Andrássy-Straße ist der eleganteste Boulevard von Budapest und gehört seit 2002 zum UNESCO-Welterbe. Sie verbindet das Stadtzentrum mit dem Heldenplatz und…,https://plizio.com/de/ungarn/budapest/andrassy-strasse/,,
Aquaworld Budapest | Plizio Visual Lab,https://plizio.com/geo-images/hungary/aquaworld-budapest.webp,Plizio DE - Ungarn,,Aquaworld Budapest ist einer der größten überdachten Wasser-Themenparks in ganz Europa.,https://plizio.com/de/ungarn/budapest/aquaworld-budapest/,,
Budapest | Plizio Visual Lab,https://plizio.com/geo-images/hungary/budapest-city.webp,Plizio DE - Ungarn,,"Budapest, die Hauptstadt Ungarns, ist eine der beeindruckendsten Metropolen Europas und wird oft als 'Perle der Donau' bezeichnet. Die Stadt entstand 1873 durc…",https://plizio.com/de/ungarn/budapest/budapest/,,
Budapester Zoo | Plizio Visual Lab,https://plizio.com/geo-images/hungary/fovarosi-allatkert.webp,Plizio DE - Ungarn,,Der Zoo im Herzen von Budapest ist einer der ältesten und artenreichsten Tiergärten der Welt.,https://plizio.com/de/ungarn/budapest/budapester-zoo/,,
Burg Vajdahunyad | Plizio Visual Lab,https://plizio.com/geo-images/hungary/vajdahunyad-vara.webp,Plizio DE - Ungarn,,Die Burg Vajdahunyad im Stadtwäldchen vereint die bedeutendsten Baustile der ungarischen Geschichte.,https://plizio.com/de/ungarn/budapest/burg-vajdahunyad/,,
Corvin-Viertel | Plizio Visual Lab,https://plizio.com/geo-images/hungary/corvin-negyed.webp,Plizio DE - Ungarn,,Modernes Stadtviertel mit historischem Erbe in Budapest.,https://plizio.com/de/ungarn/budapest/corvin-viertel/,,
Donauufer | Plizio Visual Lab,https://plizio.com/geo-images/hungary/dunapart.webp,Plizio DE - Ungarn,,Das Donauufer in Budapest ist eine der spektakulärsten Stadtlandschaften der Welt und gehört zum UNESCO-Welterbe. Die Promenade erstreckt sich zwischen der Ket…,https://plizio.com/de/ungarn/budapest/donauufer/,,
Gellértberg | Plizio Visual Lab,https://plizio.com/geo-images/hungary/gellert-hegy.webp,Plizio DE - Ungarn,,"Ein prominenter Hügel in Budapest, der einen Panoramablick auf die Stadt bietet.",https://plizio.com/de/ungarn/budapest/gellertberg/,,
Kettenbrücke | Plizio Visual Lab,https://plizio.com/geo-images/hungary/lanchid.webp,Plizio DE - Ungarn,,Die Széchenyi-Kettenbrücke ist die älteste und bekannteste Brücke über die Donau in Budapest und ein Symbol der ungarischen Hauptstadt. Sie wurde 1849 eingewei…,https://plizio.com/de/ungarn/budapest/kettenbruecke/,,
Matthiaskirche | Plizio Visual Lab,https://plizio.com/geo-images/hungary/matyas-templom.webp,Plizio DE - Ungarn,,Die Matthiaskirche im Burgviertel ist eine der prachtvollsten und geschichtsträchtigsten Kirchen des Landes.,https://plizio.com/de/ungarn/budapest/matthiaskirche/,,
Museum der Bildenden Künste | Plizio Visual Lab,https://plizio.com/geo-images/hungary/szepmuveszeti-muzeum.webp,Plizio DE - Ungarn,,Eines der bedeutendsten Museen in Budapest mit internationaler Kunst.,https://plizio.com/de/ungarn/budapest/museum-der-bildenden-kuenste/,,
Nationalgalerie | Plizio Visual Lab,https://plizio.com/geo-images/hungary/nemzeti-galeria.webp,Plizio DE - Ungarn,,Die größte Sammlung ungarischer bildender Kunst im Budaer Schloss.,https://plizio.com/de/ungarn/budapest/nationalgalerie/,,
Normafa | Plizio Visual Lab,https://plizio.com/geo-images/hungary/normafa.webp,Plizio DE - Ungarn,,"Ein beliebtes Ausflugsziel in den Budaer Bergen, ideal zum Wandern.",https://plizio.com/de/ungarn/budapest/normafa/,,
Palast der Wunder | Plizio Visual Lab,https://plizio.com/geo-images/hungary/csodak-palotaja.webp,Plizio DE - Ungarn,,"Ein interaktives Wissenschaftszentrum, das spielerisch Wissen vermittelt.",https://plizio.com/de/ungarn/budapest/palast-der-wunder/,,
Pálvölgyi-Höhle | Plizio Visual Lab,https://plizio.com/geo-images/hungary/palvolgyi-barlang.webp,Plizio DE - Ungarn,,Die längste Höhle in den Budaer Bergen mit tollen Formationen.,https://plizio.com/de/ungarn/budapest/palvoelgyi-hoehle/,,
Parlamentsgebäude | Plizio Visual Lab,https://plizio.com/geo-images/hungary/orszaghaz.webp,Plizio DE - Ungarn,,"Das ungarische Parlamentsgebäude, auch Országház genannt, ist eines der bekanntesten Wahrzeichen von Budapest und ein Meisterwerk der Neogotik. Es liegt majest…",https://plizio.com/de/ungarn/budapest/parlamentsgebaeude/,,
Staatsoper | Plizio Visual Lab,https://plizio.com/geo-images/hungary/magyar-allami-operahaz.webp,Plizio DE - Ungarn,,Ein prachtvolles Neorenaissance-Gebäude auf der Andrássy-Straße.,https://plizio.com/de/ungarn/budapest/staatsoper/,,
Stadtwäldchen | Plizio Visual Lab,https://plizio.com/geo-images/hungary/varosliget.webp,Plizio DE - Ungarn,,Das Stadtwäldchen (Városliget) ist einer der ältesten und vielseitigsten öffentlichen Parks der Welt und liegt im Herzen von Budapest. Auf einer Fläche von übe…,https://plizio.com/de/ungarn/budapest/stadtwaeldchen/,,
Tropicarium | Plizio Visual Lab,https://plizio.com/geo-images/hungary/tropicarium.webp,Plizio DE - Ungarn,,Das 'Haifisch-Zoo' in Budapest mit einem riesigen Glastunnel.,https://plizio.com/de/ungarn/budapest/tropicarium/,,
Ungarisches Nationalmuseum | Plizio Visual Lab,https://plizio.com/geo-images/hungary/nemzeti-muzeum.webp,Plizio DE - Ungarn,,Das Nationalmuseum bewahrt die wichtigsten Schätze der ungarischen Geschichte und Kultur auf.,https://plizio.com/de/ungarn/budapest/ungarisches-nationalmuseum/,,
Makó | Plizio Visual Lab,https://plizio.com/geo-images/hungary/mako.webp,Plizio DE - Ungarn,,"Stadt nahe der rumänischen Grenze, berühmt für ihre Zwiebeln.",https://plizio.com/de/ungarn/csongrad-csanad/mako/,,
Neumarkt an der Theiß | Plizio Visual Lab,https://plizio.com/geo-images/hungary/hodmezovasarhely.webp,Plizio DE - Ungarn,,Stadt in Südungarn mit einer reichen landwirtschaftlichen Tradition.,https://plizio.com/de/ungarn/csongrad-csanad/neumarkt-an-der-theiss/,,
Szegedin | Plizio Visual Lab,https://plizio.com/geo-images/hungary/szeged.webp,Plizio DE - Ungarn,,"Szeged, bekannt als die 'Stadt des Sonnenscheins', liegt im Süden Ungarns an der Mündung der Maros in die Theiß. Die Stadt wurde nach der verheerenden Flut von…",https://plizio.com/de/ungarn/csongrad-csanad/szegedin/,,
Theiß | Plizio Visual Lab,https://plizio.com/geo-images/hungary/tisza-folyo.webp,Plizio DE - Ungarn,,Die Theiß ist der zweitlängste Fluss Ungarns und prägt maßgeblich die Landschaft der Großen Tiefebene.,https://plizio.com/de/ungarn/csongrad-csanad/theiss/,,
Votivkirche Szeged | Plizio Visual Lab,https://plizio.com/geo-images/hungary/szeged.webp,Plizio DE - Ungarn,,Monumentale neoromanische Kathedrale am Domplatz von Szeged.,https://plizio.com/de/ungarn/csongrad-csanad/votivkirche-szeged/,,
Gárdony | Plizio Visual Lab,https://plizio.com/geo-images/hungary/gardony.webp,Plizio DE - Ungarn,,"Stadt am Ufer des Velencer Sees, ein beliebtes Urlaubsziel.",https://plizio.com/de/ungarn/fejer/gardony/,,
Stuhlweißenburg | Plizio Visual Lab,https://plizio.com/geo-images/hungary/szekesfehervar.webp,Plizio DE - Ungarn,,"Székesfehérvár, eine der ältesten Städte Ungarns, war im Mittelalter die Krönungs- und Grabstätte der ungarischen Könige. Die Stadt liegt in Zentralungarn und…",https://plizio.com/de/ungarn/fejer/stuhlweissenburg/,,
Velencer See | Plizio Visual Lab,https://plizio.com/geo-images/hungary/velencei-to.webp,Plizio DE - Ungarn,,"Einer der wärmsten Seen in Europa, ideal für Erholung.",https://plizio.com/de/ungarn/fejer/velencer-see/,,
Vértes-Gebirge | Plizio Visual Lab,https://plizio.com/geo-images/hungary/vertes.webp,Plizio DE - Ungarn,,Karstgebirge in Transdanubien mit Ruinen und Wäldern.,https://plizio.com/de/ungarn/fejer/vertes-gebirge/,,
Archiv Pannonhalma | Plizio Visual Lab,https://plizio.com/geo-images/hungary/pannonhalma.webp,Plizio DE - Ungarn,,Bedeutendes Archiv mit dem ältesten ungarischen Schriftstück.,https://plizio.com/de/ungarn/gyor-moson-sopron/archiv-pannonhalma/,,
Erzabtei Pannonhalma | Plizio Visual Lab,https://plizio.com/geo-images/hungary/pannonhalmi-foapatsag.webp,Plizio DE - Ungarn,,Ein UNESCO-Weltkulturerbe und spirituelles Zentrum auf dem Martinsberg.,https://plizio.com/de/ungarn/gyor-moson-sopron/erzabtei-pannonhalma/,,
Fertőd | Plizio Visual Lab,https://plizio.com/geo-images/hungary/fertod.webp,Plizio DE - Ungarn,,"Stadt bekannt für das Schloss Esterházy, das 'ungarische Versailles'.",https://plizio.com/de/ungarn/gyor-moson-sopron/fertod/,,
Martinsberg | Plizio Visual Lab,https://plizio.com/geo-images/hungary/pannonhalma.webp,Plizio DE - Ungarn,,"Historische Benediktinerabtei auf einem Hügel, eines der ältesten Denkmäler Ungarns.",https://plizio.com/de/ungarn/gyor-moson-sopron/martinsberg/,,
Neusiedler See | Plizio Visual Lab,https://plizio.com/geo-images/hungary/ferto-to.webp,Plizio DE - Ungarn,,"Der westlichste Steppensee Europas, an der Grenze zu Österreich.",https://plizio.com/de/ungarn/gyor-moson-sopron/neusiedler-see/,,
Ödenburg | Plizio Visual Lab,https://plizio.com/geo-images/hungary/sopron.webp,Plizio DE - Ungarn,,"Sopron, die 'treueste Stadt' Ungarns, liegt im äußersten Westen des Landes an der Grenze zu Österreich. Die Stadt ist bekannt für ihre außergewöhnlich gut erha…",https://plizio.com/de/ungarn/gyor-moson-sopron/oedenburg/,,
Raab | Plizio Visual Lab,https://plizio.com/geo-images/hungary/gyor.webp,Plizio DE - Ungarn,,"Győr, die 'Stadt der Flüsse', liegt im Nordwesten Ungarns am Zusammenfluss von Raab, Rabnitz und Donau. Die Stadt ist ein bedeutendes wirtschaftliches Zentrum…",https://plizio.com/de/ungarn/gyor-moson-sopron/raab/,,
Debrezin | Plizio Visual Lab,https://plizio.com/geo-images/hungary/debrecen.webp,Plizio DE - Ungarn,,Debrecen ist die zweitgrößte Stadt Ungarns und das wirtschaftliche sowie kulturelle Zentrum der Ostungarischen Tiefebene. Die Stadt hat historisch eine wichtig…,https://plizio.com/de/ungarn/hajdu-bihar/debrezin/,,
Hortobágy | Plizio Visual Lab,https://plizio.com/geo-images/hungary/hortobagy.webp,Plizio DE - Ungarn,,"Der größte Nationalpark Ungarns, der die traditionelle Puszta-Landschaft schützt.",https://plizio.com/de/ungarn/hajdu-bihar/hortobagy/,,
Nationalpark Hortobágy | Plizio Visual Lab,https://plizio.com/geo-images/hungary/hortobagyi-nemzeti-park.webp,Plizio DE - Ungarn,,Das größte Naturschutzgebiet Ungarns und ein Symbol der Puszta.,https://plizio.com/de/ungarn/hajdu-bihar/nationalpark-hortobagy/,,
Zoo Debrecen | Plizio Visual Lab,https://plizio.com/geo-images/hungary/debrecen.webp,Plizio DE - Ungarn,,"Ungarns erster Zoo außerhalb von Budapest, im Großen Wald gelegen.",https://plizio.com/de/ungarn/hajdu-bihar/zoo-debrecen/,,
Burg Eger | Plizio Visual Lab,https://plizio.com/geo-images/hungary/egri-var.webp,Plizio DE - Ungarn,,"Eine historische Burg, die 1552 der türkischen Belagerung standhielt.",https://plizio.com/de/ungarn/heves/burg-eger/,,
Burg Sirok | Plizio Visual Lab,https://plizio.com/geo-images/hungary/sirok-var.webp,Plizio DE - Ungarn,,Ungarns am besten erhaltene in den Fels gehauene Höhlenburg.,https://plizio.com/de/ungarn/heves/burg-sirok/,,
Erlau | Plizio Visual Lab,https://plizio.com/geo-images/hungary/eger.webp,Plizio DE - Ungarn,,"Eger, eine der schönsten Barockstädte Ungarns, liegt im Nordosten des Landes am Fuße des Bükk-Gebirges. Die Stadt ist berühmt für ihre heldenhafte Burg, die 15…",https://plizio.com/de/ungarn/heves/erlau/,,
Gyöngyös | Plizio Visual Lab,https://plizio.com/geo-images/hungary/gyongyos.webp,Plizio DE - Ungarn,,"Stadt am Fuße des Mátra-Gebirges, das 'Tor zur Mátra'.",https://plizio.com/de/ungarn/heves/gyoengyoes/,,
Hatvan | Plizio Visual Lab,https://plizio.com/geo-images/hungary/hatvan.webp,Plizio DE - Ungarn,,"Stadt an der Zagyva, bekannt für das Grassalkovich-Schloss.",https://plizio.com/de/ungarn/heves/hatvan/,,
Kékes | Plizio Visual Lab,https://plizio.com/geo-images/hungary/kekes-teto.webp,Plizio DE - Ungarn,,Mit 1014 Metern ist der Kékes der höchste Gipfel Ungarns und ein beliebtes Ziel für Wanderer.,https://plizio.com/de/ungarn/heves/kekes/,,
Szalajka-Tal | Plizio Visual Lab,https://plizio.com/geo-images/hungary/szalajka-volgy.webp,Plizio DE - Ungarn,,"Ein malerisches Tal im Bükk-Gebirge, berühmt für seinen Wasserfall.",https://plizio.com/de/ungarn/heves/landmark-szalajka-tal/,,
Mátra | Plizio Visual Lab,https://plizio.com/geo-images/hungary/matra.webp,Plizio DE - Ungarn,,"Gebirgszug in Nordungarn, der den höchsten Gipfel des Landes beherbergt.",https://plizio.com/de/ungarn/heves/matra/,,
Parád | Plizio Visual Lab,https://plizio.com/geo-images/hungary/parad.webp,Plizio DE - Ungarn,,"Kurort im Mátra-Gebirge, bekannt für seine Heilquellen und das Kutschenmuseum.",https://plizio.com/de/ungarn/heves/parad/,,
Szalajka-Tal (Heves) | Plizio Visual Lab,https://plizio.com/geo-images/hungary/szalajka-volgy.webp,Plizio DE - Ungarn,,"Das Szalajka-Tal ist ein idyllisches Ausflugsziel im Bükk-Gebirge, berühmt für seine Wasserfälle.",https://plizio.com/de/ungarn/heves/szalajka-tal/,,
Jászberény | Plizio Visual Lab,https://plizio.com/geo-images/hungary/jaszbereny.webp,Plizio DE - Ungarn,,Das kulturelle und wirtschaftliche Zentrum der Region Jászság.,https://plizio.com/de/ungarn/jasz-nagykun-szolnok/jaszbereny/,,
Kisújszállás | Plizio Visual Lab,https://plizio.com/geo-images/hungary/kisujszallas.webp,Plizio DE - Ungarn,,Stadt in der Region Nagykunság mit landwirtschaftlicher Prägung.,https://plizio.com/de/ungarn/jasz-nagykun-szolnok/kisujszallas/,,
Basilika von Esztergom | Plizio Visual Lab,https://plizio.com/geo-images/hungary/esztergomi-bazilika.webp,Plizio DE - Ungarn,,Die größte und höchste Kirche Ungarns mit monumentaler Architektur.,https://plizio.com/de/ungarn/komarom-esztergom/basilika-von-esztergom/,,
Gran | Plizio Visual Lab,https://plizio.com/geo-images/hungary/esztergom.webp,Plizio DE - Ungarn,,"Esztergom, am malerischen Donauknie gelegen, ist eine der geschichtsträchtigsten Städte Ungarns und das geistige Zentrum der katholischen Kirche des Landes. Di…",https://plizio.com/de/ungarn/komarom-esztergom/gran/,,
Totis | Plizio Visual Lab,https://plizio.com/geo-images/hungary/tata.webp,Plizio DE - Ungarn,,"Die 'Stadt der Gewässer', bekannt für ihre Lakes und die Burg.",https://plizio.com/de/ungarn/komarom-esztergom/totis/,,
Totiserkolonie | Plizio Visual Lab,https://plizio.com/geo-images/hungary/tatabanya.webp,Plizio DE - Ungarn,,"Tatabánya, am Fuße des Gerecse-Gebirges gelegen, ist eine Stadt mit einer starken industriellen Vergangenheit, die sich zu einem modernen Zentrum entwickelt ha…",https://plizio.com/de/ungarn/komarom-esztergom/totiserkolonie/,,
Altes Dorf Hollókő | Plizio Visual Lab,https://plizio.com/geo-images/hungary/holloko-ofalu.webp,Plizio DE - Ungarn,,Ein intaktes Palóczen-Dorf und UNESCO-Weltkulturerbe.,https://plizio.com/de/ungarn/nograd/altes-dorf-holloko/,,
Hollókő | Plizio Visual Lab,https://plizio.com/geo-images/hungary/holloko.webp,Plizio DE - Ungarn,,"Ein traditionelles Paloczen-Dorf, das als lebendiges Museum erhalten ist.",https://plizio.com/de/ungarn/nograd/holloko/,,
Jahrmarkt | Plizio Visual Lab,https://plizio.com/geo-images/hungary/balassagyarmat.webp,Plizio DE - Ungarn,,"Grenzstadt zur Slowakei, bekannt als die 'mutigste Stadt'.",https://plizio.com/de/ungarn/nograd/jahrmarkt/,,
Salgótarján | Plizio Visual Lab,https://plizio.com/geo-images/hungary/salgotarjan.webp,Plizio DE - Ungarn,,"Stadt in einem Tal umgeben von Bergen, ehemalige Bergbaustadt.",https://plizio.com/de/ungarn/nograd/salgotarjan/,,
Szelce-Tal | Plizio Visual Lab,https://plizio.com/geo-images/hungary/szelce-volgy.webp,Plizio DE - Ungarn,,Unberührtes Tal in Nordungarn mit dichter Waldlandschaft.,https://plizio.com/de/ungarn/nograd/szelce-tal/,,
Börzsöny | Plizio Visual Lab,https://plizio.com/geo-images/hungary/borzsony.webp,Plizio DE - Ungarn,,Ein vulkanisches Gebirge nördlich von Budapest mit dichten Wäldern.,https://plizio.com/de/ungarn/pest/boerzsoeny/,,
Gödöllő | Plizio Visual Lab,https://plizio.com/geo-images/hungary/godollo.webp,Plizio DE - Ungarn,,"Stadt nahe Budapest, berühmt für ihr königliches Schloss.",https://plizio.com/de/ungarn/pest/goedoello/,,
Pilis-Gebirge | Plizio Visual Lab,https://plizio.com/geo-images/hungary/pilis.webp,Plizio DE - Ungarn,,Wanderparadies nahe Budapest mit Aussichtstürmen und Höhlen.,https://plizio.com/de/ungarn/pest/pilis-gebirge/,,
Plintenburg | Plizio Visual Lab,https://plizio.com/geo-images/hungary/visegrad.webp,Plizio DE - Ungarn,,"Kleine Stadt am Donauknie, berühmt für ihre mittelalterliche Zitadelle.",https://plizio.com/de/ungarn/pest/plintenburg/,,
Sankt Andrä | Plizio Visual Lab,https://plizio.com/geo-images/hungary/szentendre.webp,Plizio DE - Ungarn,,"Szentendre, eine malerische Stadt am Donauufer nördlich von Budapest, ist bekannt für ihre lebendige Künstlerkolonie und ihre mediterrane Atmosphäre. Die Stadt…",https://plizio.com/de/ungarn/pest/sankt-andrae/,,
Skanzen Szentendre | Plizio Visual Lab,https://plizio.com/geo-images/hungary/szentendrei-skanzen.webp,Plizio DE - Ungarn,,"Das größte ungarische Freilichtmuseum, das ländliche Architektur zeigt.",https://plizio.com/de/ungarn/pest/skanzen-szentendre/,,
Waitzen | Plizio Visual Lab,https://plizio.com/geo-images/hungary/vac.webp,Plizio DE - Ungarn,,Historische Stadt am Donauknie mit barocker Architektur.,https://plizio.com/de/ungarn/pest/waitzen/,,
Zitadelle Visegrád | Plizio Visual Lab,https://plizio.com/geo-images/hungary/visegrad.webp,Plizio DE - Ungarn,,Eine mittelalterliche Festung mit atemberaubendem Blick auf das Donauknie.,https://plizio.com/de/ungarn/pest/zitadelle-visegrad/,,
Balatonföldvár | Plizio Visual Lab,https://plizio.com/geo-images/hungary/balatonfoldvar.webp,Plizio DE - Ungarn,,Beliebter Ferienort am Südufer des Plattensees.,https://plizio.com/de/ungarn/somogy/balatonfoeldvar/,,
Kopisch | Plizio Visual Lab,https://plizio.com/geo-images/hungary/kaposvar.webp,Plizio DE - Ungarn,,"Kaposvár, die 'Stadt der Blumen und Maler', liegt im Südwesten Ungarns in der hügeligen Region Somogy. Die Stadt ist bekannt für ihre gepflegten Parks, die cha…",https://plizio.com/de/ungarn/somogy/kopisch/,,
Siófok | Plizio Visual Lab,https://plizio.com/geo-images/hungary/siofok.webp,Plizio DE - Ungarn,,"Die 'Hauptstadt des Plattensees', bekannt für ihr reges Nachtleben und Strände.",https://plizio.com/de/ungarn/somogy/siofok/,,
Mátészalka | Plizio Visual Lab,https://plizio.com/geo-images/hungary/mateszalka.webp,Plizio DE - Ungarn,,"Stadt im Osten Ungarns, bekannt als die 'Stadt des Lichts'.",https://plizio.com/de/ungarn/szabolcs-szatmar-bereg/mateszalka/,,
Nyíregyháza | Plizio Visual Lab,https://plizio.com/geo-images/hungary/nyiregyhaza.webp,Plizio DE - Ungarn,,"Nyíregyháza, im Nordosten Ungarns gelegen, ist eine dynamisch wachsende Stadt und das Zentrum der Region Nyírség. Die Stadt ist vor allem für den Tierpark Sóst…",https://plizio.com/de/ungarn/szabolcs-szatmar-bereg/nyiregyhaza/,,
Sóstó Zoo | Plizio Visual Lab,https://plizio.com/geo-images/hungary/nyiregyhaza-zoo.webp,Plizio DE - Ungarn,,Preisgekrönter Tierpark mit naturnahen Gehegen und Ozeanarium.,https://plizio.com/de/ungarn/szabolcs-szatmar-bereg/sosto-zoo/,,
Vásárosnamény | Plizio Visual Lab,https://plizio.com/geo-images/hungary/vasarosnameny.webp,Plizio DE - Ungarn,,"Das 'Herz von Bereg', eine Stadt an der Theiß.",https://plizio.com/de/ungarn/szabolcs-szatmar-bereg/vasarosnameny/,,
Bonnhard | Plizio Visual Lab,https://plizio.com/geo-images/hungary/bonyhad.webp,Plizio DE - Ungarn,,"Das Zentrum der Region Völgység, bekannt für seine Emaillefabrik.",https://plizio.com/de/ungarn/tolna/bonnhard/,,
Burg Simontornya | Plizio Visual Lab,https://plizio.com/geo-images/hungary/simontornya-var.webp,Plizio DE - Ungarn,,Prächtiges Renaissanceschloss mit einer wechselvollen Geschichte.,https://plizio.com/de/ungarn/tolna/burg-simontornya/,,
Gemenc-Aue | Plizio Visual Lab,https://plizio.com/geo-images/hungary/gemenc.webp,Plizio DE - Ungarn,,Einzigartiger Auenwald an der Donau mit reicher Fauna.,https://plizio.com/de/ungarn/tolna/gemenc-aue/,,
Gemencer Wald | Plizio Visual Lab,https://plizio.com/geo-images/hungary/gemenci-erdo.webp,Plizio DE - Ungarn,,Der Gemencer Wald ist das größte zusammenhängende Auwaldgebiet Mitteleuropas entlang der Donau.,https://plizio.com/de/ungarn/tolna/gemencer-wald/,,
Sechshard | Plizio Visual Lab,https://plizio.com/geo-images/hungary/szekszard.webp,Plizio DE - Ungarn,,"Die kleinste Komitatshauptstadt Ungarns, berühmt für ihre Rotweine.",https://plizio.com/de/ungarn/tolna/sechshard/,,
Burg Sárvár | Plizio Visual Lab,https://plizio.com/geo-images/hungary/sarvari-var.webp,Plizio DE - Ungarn,,Die Burg Nádasdy ist ein Meisterwerk der Renaissance-Architektur.,https://plizio.com/de/ungarn/vas/burg-sarvar/,,
Güns | Plizio Visual Lab,https://plizio.com/geo-images/hungary/koszeg.webp,Plizio DE - Ungarn,,"Historische Stadt an der österreichischen Grenze, bekannt für ihre Burg.",https://plizio.com/de/ungarn/vas/guens/,,
Jurisics-Burg | Plizio Visual Lab,https://plizio.com/geo-images/hungary/koszeg-var.webp,Plizio DE - Ungarn,,"Geschichtsträchtige Burg, die 1532 den Vormarsch der Osmanen stoppte.",https://plizio.com/de/ungarn/vas/jurisics-burg/,,
Kotenburg | Plizio Visual Lab,https://plizio.com/geo-images/hungary/sarvar.webp,Plizio DE - Ungarn,,Beliebter Kurort mit einem berühmten Thermalbad und einer Renaissanceburg.,https://plizio.com/de/ungarn/vas/kotenburg/,,
Steinamanger | Plizio Visual Lab,https://plizio.com/geo-images/hungary/szombathely.webp,Plizio DE - Ungarn,,"Szombathely, die älteste Stadt Ungarns, wurde im Jahr 43 n. Chr. von den Römern als Savaria gegründet. Die Stadt im Westen des Landes blickt auf eine fast 2000…",https://plizio.com/de/ungarn/vas/steinamanger/,,
Abtei Tihany | Plizio Visual Lab,https://plizio.com/geo-images/hungary/tihanyi-apatsag.webp,Plizio DE - Ungarn,,Eine Benediktinerabtei auf der Tihany-Halbinsel mit einer tausendjährigen Geschichte.,https://plizio.com/de/ungarn/veszprem/abtei-tihany/,,
Alter Bakony | Plizio Visual Lab,https://plizio.com/geo-images/hungary/bakony.webp,Plizio DE - Ungarn,,Der Kern des Bakony-Waldes mit dichten Buchenwäldern.,https://plizio.com/de/ungarn/veszprem/alter-bakony/,,
Balatonfüred | Plizio Visual Lab,https://plizio.com/geo-images/hungary/balatonfured.webp,Plizio DE - Ungarn,,"Der älteste Kurort am Plattensee, bekannt für seine Heilquellen.",https://plizio.com/de/ungarn/veszprem/balatonfuered/,,
Burg Somló | Plizio Visual Lab,https://plizio.com/geo-images/hungary/somlo-var.webp,Plizio DE - Ungarn,,Malerische Burgruine auf dem vulkanischen Berg Somló.,https://plizio.com/de/ungarn/veszprem/burg-somlo/,,
Burg Sümeg | Plizio Visual Lab,https://plizio.com/geo-images/hungary/sumeg-var.webp,Plizio DE - Ungarn,,"Imposante Festung, die über der Stadt Sümeg auf einem Hügel thront.",https://plizio.com/de/ungarn/veszprem/burg-suemeg/,,
Herend | Plizio Visual Lab,https://plizio.com/geo-images/hungary/herend.webp,Plizio DE - Ungarn,,"Weltberühmt für seine Porzellanmanufaktur, die seit 1826 besteht.",https://plizio.com/de/ungarn/veszprem/herend/,,
Kinizsi-Burg | Plizio Visual Lab,https://plizio.com/geo-images/hungary/nagyvazsony-var.webp,Plizio DE - Ungarn,,"Historische Burg, die einst dem legendären Paul Kinizsi gehörte.",https://plizio.com/de/ungarn/veszprem/kinizsi-burg/,,
NP Balaton-Oberland | Plizio Visual Lab,https://plizio.com/geo-images/hungary/balaton-felvidek.webp,Plizio DE - Ungarn,,Abwechslungsreiche Landschaft mit Vulkanbergen und Lavendel.,https://plizio.com/de/ungarn/veszprem/np-balaton-oberland/,,
Plattensee | Plizio Visual Lab,https://plizio.com/geo-images/hungary/balaton-to.webp,Plizio DE - Ungarn,,Der Balaton ist der größte See Mitteleuropas und das bedeutendste Urlaubsziel für Sommerurlauber in Ungarn.,https://plizio.com/de/ungarn/veszprem/plattensee/,,
Tapolca | Plizio Visual Lab,https://plizio.com/geo-images/hungary/tapolca.webp,Plizio DE - Ungarn,,"Stadt am Rande des Balaton-Oberlandes, berühmt für ihre Seehöhle.",https://plizio.com/de/ungarn/veszprem/tapolca/,,
Thury-Burg | Plizio Visual Lab,https://plizio.com/geo-images/hungary/varpalota-var.webp,Plizio DE - Ungarn,,Mittelalterliche Festung im Zentrum von Várpalota.,https://plizio.com/de/ungarn/veszprem/thury-burg/,,
Tihany | Plizio Visual Lab,https://plizio.com/geo-images/hungary/tihany.webp,Plizio DE - Ungarn,,"Halbinsel im Plattensee, berühmt für ihre Benediktinerabtei und Lavendelfelder.",https://plizio.com/de/ungarn/veszprem/tihany/,,
Wesprim | Plizio Visual Lab,https://plizio.com/geo-images/hungary/veszprem-city.webp,Plizio DE - Ungarn,,"Veszprém, die 'Stadt der Königinnen', liegt auf den malerischen Hügeln des Bakony-Waldes in der Nähe des Plattensees. Die Stadt blickt auf eine reiche Geschich…",https://plizio.com/de/ungarn/veszprem/wesprim/,,
Egersee | Plizio Visual Lab,https://plizio.com/geo-images/hungary/zalaegerszeg.webp,Plizio DE - Ungarn,,"Zalaegerszeg, im Westen Ungarns am Ufer der Zala gelegen, ist eine grüne Stadt, die von den sanften Hügeln der Region Zala umgeben ist. Die Stadt ist bekannt f…",https://plizio.com/de/ungarn/zala/egersee/,,
Großkirchen | Plizio Visual Lab,https://plizio.com/geo-images/hungary/nagykanizsa.webp,Plizio DE - Ungarn,,Wichtiger Verkehrsknotenpunkt im Südwesten Ungarns.,https://plizio.com/de/ungarn/zala/grosskirchen/,,
Kesthell | Plizio Visual Lab,https://plizio.com/geo-images/hungary/keszthely.webp,Plizio DE - Ungarn,,"Die größte Stadt am Plattensee, bekannt für das Schloss Festetics.",https://plizio.com/de/ungarn/zala/kesthell/,,
